iter	RMSE	MAE	MAPE	R2	RMSE	MAE	MAPE	R2	RMSE	MAE	MAPE	R2
0	565.2676446	297.7781517	0.08609748891	0.9799225947	553.7847357	296.2899096	0.08714575585	0.9800652054	570.8899543	295.251701	0.08773723316	0.9796591111
1	608.4257531	316.39105	0.09028826118	0.976739743	577.8404581	306.8758312	0.0881497027	0.9782957044	592.9532075	302.9749178	0.08779438687	0.9780564964
2	574.2342595	303.8404888	0.08805614449	0.979280583	559.6723427	305.1317898	0.09258143845	0.9796390754	578.5635101	300.0746341	0.08886104842	0.9791086164
3	609.6862491	321.0341139	0.09316626187	0.9766432651	577.9194798	310.3836505	0.09063475382	0.9782897677	604.2983342	311.7973774	0.09086606508	0.9772087618
4	588.5215265	303.696822	0.08456770773	0.9782367357	563.241951	297.7217185	0.08561156064	0.9793785218	600.7545403	301.2941148	0.08482110821	0.9774752879
5	610.2412021	315.4494302	0.08717098535	0.9766007259	573.2659074	300.4199692	0.08460644885	0.978637994	598.553278	301.7596388	0.08434186998	0.9776400539
6	576.0886107	303.5747246	0.08761548372	0.9791465502	550.1238842	295.7659843	0.0874662163	0.9803278963	610.4267836	305.0447639	0.08667083474	0.9767441463
7	606.0293513	314.5879791	0.08771330787	0.9769226122	577.2366844	307.8771463	0.08850141593	0.9783410374	595.6832301	300.7204378	0.08511153614	0.9778539706
